code,developing,name,id,_links
AF,True,Afghanistan,1,"{'self': {'title': 'Country', 'href': 'country/1'}}"
AL,True,Albania,2,"{'self': {'title': 'Country', 'href': 'country/2'}}"
DZ,True,Algeria,3,"{'self': {'title': 'Country', 'href': 'country/3'}}"
AD,True,Andorra,4,"{'self': {'title': 'Country', 'href': 'country/4'}}"
AO,True,Angola,5,"{'self': {'title': 'Country', 'href': 'country/5'}}"
AG,True,Antigua and Barbuda,6,"{'self': {'title': 'Country', 'href': 'country/6'}}"
AR,True,Argentina,7,"{'self': {'title': 'Country', 'href': 'country/7'}}"
AM,True,Armenia,8,"{'self': {'title': 'Country', 'href': 'country/8'}}"
AU,True,Australia,9,"{'self': {'title': 'Country', 'href': 'country/9'}}"
AT,True,Austria,10,"{'self': {'title': 'Country', 'href': 'country/10'}}"
AZ,True,Azerbaijan,11,"{'self': {'title': 'Country', 'href': 'country/11'}}"
BS,True,"Bahamas, The",12,"{'self': {'title': 'Country', 'href': 'country/12'}}"
BH,True,Bahrain,13,"{'self': {'title': 'Country', 'href': 'country/13'}}"
BD,True,Bangladesh,14,"{'self': {'title': 'Country', 'href': 'country/14'}}"
BB,True,Barbados,15,"{'self': {'title': 'Country', 'href': 'country/15'}}"
BY,True,Belarus,16,"{'self': {'title': 'Country', 'href': 'country/16'}}"
BE,True,Belgium,17,"{'self': {'title': 'Country', 'href': 'country/17'}}"
BZ,True,Belize,18,"{'self': {'title': 'Country', 'href': 'country/18'}}"
BJ,True,Benin,19,"{'self': {'title': 'Country', 'href': 'country/19'}}"
BT,True,Bhutan,20,"{'self': {'title': 'Country', 'href': 'country/20'}}"
BO,True,Bolivia,21,"{'self': {'title': 'Country', 'href': 'country/21'}}"
BA,True,Bosnia and Herzegovina,22,"{'self': {'title': 'Country', 'href': 'country/22'}}"
BW,True,Botswana,23,"{'self': {'title': 'Country', 'href': 'country/23'}}"
BR,True,Brazil,24,"{'self': {'title': 'Country', 'href': 'country/24'}}"
BN,True,Brunei,25,"{'self': {'title': 'Country', 'href': 'country/25'}}"
BG,True,Bulgaria,26,"{'self': {'title': 'Country', 'href': 'country/26'}}"
BF,True,Burkina Faso,27,"{'self': {'title': 'Country', 'href': 'country/27'}}"
BI,True,Burundi,28,"{'self': {'title': 'Country', 'href': 'country/28'}}"
KH,True,Cambodia,29,"{'self': {'title': 'Country', 'href': 'country/29'}}"
CM,True,Cameroon,30,"{'self': {'title': 'Country', 'href': 'country/30'}}"
CA,True,Canada,31,"{'self': {'title': 'Country', 'href': 'country/31'}}"
CV,True,Cabo Verde,32,"{'self': {'title': 'Country', 'href': 'country/32'}}"
CF,True,Central African Republic,33,"{'self': {'title': 'Country', 'href': 'country/33'}}"
TD,True,Chad,34,"{'self': {'title': 'Country', 'href': 'country/34'}}"
CL,True,Chile,35,"{'self': {'title': 'Country', 'href': 'country/35'}}"
CN,True,China,36,"{'self': {'title': 'Country', 'href': 'country/36'}}"
CO,True,Colombia,37,"{'self': {'title': 'Country', 'href': 'country/37'}}"
KM,True,Comoros,38,"{'self': {'title': 'Country', 'href': 'country/38'}}"
CD,True,"Congo, Dem. Rep",39,"{'self': {'title': 'Country', 'href': 'country/39'}}"
CG,True,"Congo, Rep.",40,"{'self': {'title': 'Country', 'href': 'country/40'}}"
CR,True,Costa Rica,41,"{'self': {'title': 'Country', 'href': 'country/41'}}"
CI,True,CÃ´te d'Ivoire,42,"{'self': {'title': 'Country', 'href': 'country/42'}}"
HR,True,Croatia,43,"{'self': {'title': 'Country', 'href': 'country/43'}}"
CU,True,Cuba,44,"{'self': {'title': 'Country', 'href': 'country/44'}}"
CY,True,Cyprus,45,"{'self': {'title': 'Country', 'href': 'country/45'}}"
CZ,True,Czech Republic,46,"{'self': {'title': 'Country', 'href': 'country/46'}}"
DK,True,Denmark,47,"{'self': {'title': 'Country', 'href': 'country/47'}}"
DJ,True,Djibouti,48,"{'self': {'title': 'Country', 'href': 'country/48'}}"
DM,True,Dominica,49,"{'self': {'title': 'Country', 'href': 'country/49'}}"
DO,True,Dominican Republic,50,"{'self': {'title': 'Country', 'href': 'country/50'}}"
EC,True,Ecuador,51,"{'self': {'title': 'Country', 'href': 'country/51'}}"
EG,True,Egypt,52,"{'self': {'title': 'Country', 'href': 'country/52'}}"
SV,True,El Salvador,53,"{'self': {'title': 'Country', 'href': 'country/53'}}"
GQ,True,Equatorial Guinea,54,"{'self': {'title': 'Country', 'href': 'country/54'}}"
ER,True,Eritrea,55,"{'self': {'title': 'Country', 'href': 'country/55'}}"
EE,True,Estonia,56,"{'self': {'title': 'Country', 'href': 'country/56'}}"
ET,True,Ethiopia,57,"{'self': {'title': 'Country', 'href': 'country/57'}}"
FJ,True,Fiji,58,"{'self': {'title': 'Country', 'href': 'country/58'}}"
FI,True,Finland,59,"{'self': {'title': 'Country', 'href': 'country/59'}}"
FR,True,France,60,"{'self': {'title': 'Country', 'href': 'country/60'}}"
GA,True,Gabon,61,"{'self': {'title': 'Country', 'href': 'country/61'}}"
GM,True,Gambia,62,"{'self': {'title': 'Country', 'href': 'country/62'}}"
GE,True,Georgia,63,"{'self': {'title': 'Country', 'href': 'country/63'}}"
DE,True,Germany,64,"{'self': {'title': 'Country', 'href': 'country/64'}}"
GH,True,Ghana,65,"{'self': {'title': 'Country', 'href': 'country/65'}}"
GR,True,Greece,66,"{'self': {'title': 'Country', 'href': 'country/66'}}"
GD,True,Grenada,67,"{'self': {'title': 'Country', 'href': 'country/67'}}"
GT,True,Guatemala,68,"{'self': {'title': 'Country', 'href': 'country/68'}}"
GN,True,Guinea,69,"{'self': {'title': 'Country', 'href': 'country/69'}}"
GW,True,Guinea-Bissau,70,"{'self': {'title': 'Country', 'href': 'country/70'}}"
GY,True,Guyana,71,"{'self': {'title': 'Country', 'href': 'country/71'}}"
HT,True,Haiti,72,"{'self': {'title': 'Country', 'href': 'country/72'}}"
HN,True,Honduras,73,"{'self': {'title': 'Country', 'href': 'country/73'}}"
HU,True,Hungary,74,"{'self': {'title': 'Country', 'href': 'country/74'}}"
IS,True,Iceland,75,"{'self': {'title': 'Country', 'href': 'country/75'}}"
IN,True,India,76,"{'self': {'title': 'Country', 'href': 'country/76'}}"
ID,True,Indonesia,77,"{'self': {'title': 'Country', 'href': 'country/77'}}"
IR,True,Iran,78,"{'self': {'title': 'Country', 'href': 'country/78'}}"
IQ,True,Iraq,79,"{'self': {'title': 'Country', 'href': 'country/79'}}"
IE,True,Ireland,80,"{'self': {'title': 'Country', 'href': 'country/80'}}"
IL,True,Israel,81,"{'self': {'title': 'Country', 'href': 'country/81'}}"
IT,True,Italy,82,"{'self': {'title': 'Country', 'href': 'country/82'}}"
JM,True,Jamaica,83,"{'self': {'title': 'Country', 'href': 'country/83'}}"
JP,True,Japan,84,"{'self': {'title': 'Country', 'href': 'country/84'}}"
JO,True,Jordan,85,"{'self': {'title': 'Country', 'href': 'country/85'}}"
KZ,True,Kazakhstan,86,"{'self': {'title': 'Country', 'href': 'country/86'}}"
KE,True,Kenya,87,"{'self': {'title': 'Country', 'href': 'country/87'}}"
KI,True,Kiribati,88,"{'self': {'title': 'Country', 'href': 'country/88'}}"
KP,True,North Korea,89,"{'self': {'title': 'Country', 'href': 'country/89'}}"
KR,True,South Korea,90,"{'self': {'title': 'Country', 'href': 'country/90'}}"
KW,True,Kuwait,91,"{'self': {'title': 'Country', 'href': 'country/91'}}"
KG,True,Kyrgyz Republic,92,"{'self': {'title': 'Country', 'href': 'country/92'}}"
LA,True,Laos,93,"{'self': {'title': 'Country', 'href': 'country/93'}}"
LV,True,Latvia,94,"{'self': {'title': 'Country', 'href': 'country/94'}}"
LB,True,Lebanon,95,"{'self': {'title': 'Country', 'href': 'country/95'}}"
LS,True,Lesotho,96,"{'self': {'title': 'Country', 'href': 'country/96'}}"
LR,True,Liberia,97,"{'self': {'title': 'Country', 'href': 'country/97'}}"
LY,True,Libya,98,"{'self': {'title': 'Country', 'href': 'country/98'}}"
LI,True,Liechtenstein,99,"{'self': {'title': 'Country', 'href': 'country/99'}}"
LT,True,Lithuania,100,"{'self': {'title': 'Country', 'href': 'country/100'}}"
LU,True,Luxembourg,101,"{'self': {'title': 'Country', 'href': 'country/101'}}"
MK,True,Macedonia,102,"{'self': {'title': 'Country', 'href': 'country/102'}}"
MG,True,Madagascar,103,"{'self': {'title': 'Country', 'href': 'country/103'}}"
MW,True,Malawi,104,"{'self': {'title': 'Country', 'href': 'country/104'}}"
MY,True,Malaysia,105,"{'self': {'title': 'Country', 'href': 'country/105'}}"
MV,True,Maldives,106,"{'self': {'title': 'Country', 'href': 'country/106'}}"
ML,True,Mali,107,"{'self': {'title': 'Country', 'href': 'country/107'}}"
MT,True,Malta,108,"{'self': {'title': 'Country', 'href': 'country/108'}}"
MH,True,Marshall Islands,109,"{'self': {'title': 'Country', 'href': 'country/109'}}"
MR,True,Mauritania,110,"{'self': {'title': 'Country', 'href': 'country/110'}}"
MU,True,Mauritius,111,"{'self': {'title': 'Country', 'href': 'country/111'}}"
MX,True,Mexico,112,"{'self': {'title': 'Country', 'href': 'country/112'}}"
FM,True,Micronesia,113,"{'self': {'title': 'Country', 'href': 'country/113'}}"
MD,True,Moldova,114,"{'self': {'title': 'Country', 'href': 'country/114'}}"
MC,True,Monaco,115,"{'self': {'title': 'Country', 'href': 'country/115'}}"
MN,True,Mongolia,116,"{'self': {'title': 'Country', 'href': 'country/116'}}"
ME,True,Montenegro,117,"{'self': {'title': 'Country', 'href': 'country/117'}}"
MA,True,Morocco,118,"{'self': {'title': 'Country', 'href': 'country/118'}}"
MZ,True,Mozambique,119,"{'self': {'title': 'Country', 'href': 'country/119'}}"
MM,True,Myanmar,120,"{'self': {'title': 'Country', 'href': 'country/120'}}"
NA,True,Namibia,121,"{'self': {'title': 'Country', 'href': 'country/121'}}"
NR,True,Nauru,122,"{'self': {'title': 'Country', 'href': 'country/122'}}"
NP,True,Nepal,123,"{'self': {'title': 'Country', 'href': 'country/123'}}"
NL,True,Netherlands,124,"{'self': {'title': 'Country', 'href': 'country/124'}}"
NZ,True,New Zealand,125,"{'self': {'title': 'Country', 'href': 'country/125'}}"
NI,True,Nicaragua,126,"{'self': {'title': 'Country', 'href': 'country/126'}}"
NE,True,Niger,127,"{'self': {'title': 'Country', 'href': 'country/127'}}"
NG,True,Nigeria,128,"{'self': {'title': 'Country', 'href': 'country/128'}}"
NO,True,Norway,129,"{'self': {'title': 'Country', 'href': 'country/129'}}"
OM,True,Oman,130,"{'self': {'title': 'Country', 'href': 'country/130'}}"
PK,True,Pakistan,131,"{'self': {'title': 'Country', 'href': 'country/131'}}"
PW,True,Palau,132,"{'self': {'title': 'Country', 'href': 'country/132'}}"
PA,True,Panama,133,"{'self': {'title': 'Country', 'href': 'country/133'}}"
PG,True,Papua New Guinea,134,"{'self': {'title': 'Country', 'href': 'country/134'}}"
PY,True,Paraguay,135,"{'self': {'title': 'Country', 'href': 'country/135'}}"
PE,True,Peru,136,"{'self': {'title': 'Country', 'href': 'country/136'}}"
PH,True,Philippines,137,"{'self': {'title': 'Country', 'href': 'country/137'}}"
PL,True,Poland,138,"{'self': {'title': 'Country', 'href': 'country/138'}}"
PT,True,Portugal,139,"{'self': {'title': 'Country', 'href': 'country/139'}}"
QA,True,Qatar,140,"{'self': {'title': 'Country', 'href': 'country/140'}}"
RO,True,Romania,141,"{'self': {'title': 'Country', 'href': 'country/141'}}"
RU,True,Russia,142,"{'self': {'title': 'Country', 'href': 'country/142'}}"
RW,True,Rwanda,143,"{'self': {'title': 'Country', 'href': 'country/143'}}"
KN,True,Saint Kitts and Nevis,144,"{'self': {'title': 'Country', 'href': 'country/144'}}"
LC,True,St. Lucia,145,"{'self': {'title': 'Country', 'href': 'country/145'}}"
VC,True,St. Vincent and the Grenadines,146,"{'self': {'title': 'Country', 'href': 'country/146'}}"
WS,True,Samoa,147,"{'self': {'title': 'Country', 'href': 'country/147'}}"
SM,True,San Marino,148,"{'self': {'title': 'Country', 'href': 'country/148'}}"
ST,True,Sao Tome and Principe,149,"{'self': {'title': 'Country', 'href': 'country/149'}}"
SA,True,Saudi Arabia,150,"{'self': {'title': 'Country', 'href': 'country/150'}}"
SN,True,Senegal,151,"{'self': {'title': 'Country', 'href': 'country/151'}}"
RS,True,Serbia,152,"{'self': {'title': 'Country', 'href': 'country/152'}}"
SC,True,Seychelles,153,"{'self': {'title': 'Country', 'href': 'country/153'}}"
SL,True,Sierra Leone,154,"{'self': {'title': 'Country', 'href': 'country/154'}}"
SG,True,Singapore,155,"{'self': {'title': 'Country', 'href': 'country/155'}}"
SK,True,Slovakia,156,"{'self': {'title': 'Country', 'href': 'country/156'}}"
SI,True,Slovenia,157,"{'self': {'title': 'Country', 'href': 'country/157'}}"
SB,True,Solomon Islands,158,"{'self': {'title': 'Country', 'href': 'country/158'}}"
SO,True,Somalia,159,"{'self': {'title': 'Country', 'href': 'country/159'}}"
ZA,True,South Africa,160,"{'self': {'title': 'Country', 'href': 'country/160'}}"
ES,True,Spain,161,"{'self': {'title': 'Country', 'href': 'country/161'}}"
LK,True,Sri Lanka,162,"{'self': {'title': 'Country', 'href': 'country/162'}}"
SD,True,Sudan,163,"{'self': {'title': 'Country', 'href': 'country/163'}}"
SR,True,Suriname,164,"{'self': {'title': 'Country', 'href': 'country/164'}}"
SZ,True,Swaziland,165,"{'self': {'title': 'Country', 'href': 'country/165'}}"
SE,True,Sweden,166,"{'self': {'title': 'Country', 'href': 'country/166'}}"
CH,True,Switzerland,167,"{'self': {'title': 'Country', 'href': 'country/167'}}"
SY,True,Syria,168,"{'self': {'title': 'Country', 'href': 'country/168'}}"
TJ,True,Tajikistan,169,"{'self': {'title': 'Country', 'href': 'country/169'}}"
TZ,True,Tanzania,170,"{'self': {'title': 'Country', 'href': 'country/170'}}"
TH,True,Thailand,171,"{'self': {'title': 'Country', 'href': 'country/171'}}"
TL,True,Timor-Leste,172,"{'self': {'title': 'Country', 'href': 'country/172'}}"
TG,True,Togo,173,"{'self': {'title': 'Country', 'href': 'country/173'}}"
TO,True,Tonga,174,"{'self': {'title': 'Country', 'href': 'country/174'}}"
TT,True,Trinidad and Tobago,175,"{'self': {'title': 'Country', 'href': 'country/175'}}"
TN,True,Tunisia,176,"{'self': {'title': 'Country', 'href': 'country/176'}}"
TR,True,Turkey,177,"{'self': {'title': 'Country', 'href': 'country/177'}}"
TM,True,Turkmenistan,178,"{'self': {'title': 'Country', 'href': 'country/178'}}"
TV,True,Tuvalu,179,"{'self': {'title': 'Country', 'href': 'country/179'}}"
UG,True,Uganda,180,"{'self': {'title': 'Country', 'href': 'country/180'}}"
UA,True,Ukraine,181,"{'self': {'title': 'Country', 'href': 'country/181'}}"
AE,True,United Arab Emirates,182,"{'self': {'title': 'Country', 'href': 'country/182'}}"
GB,True,United Kingdom,183,"{'self': {'title': 'Country', 'href': 'country/183'}}"
US,True,United States,184,"{'self': {'title': 'Country', 'href': 'country/184'}}"
UY,True,Uruguay,185,"{'self': {'title': 'Country', 'href': 'country/185'}}"
UZ,True,Uzbekistan,186,"{'self': {'title': 'Country', 'href': 'country/186'}}"
VU,True,Vanuatu,187,"{'self': {'title': 'Country', 'href': 'country/187'}}"
VA,True,Vatican City,188,"{'self': {'title': 'Country', 'href': 'country/188'}}"
VE,True,Venezuela,189,"{'self': {'title': 'Country', 'href': 'country/189'}}"
VN,True,Vietnam,190,"{'self': {'title': 'Country', 'href': 'country/190'}}"
YE,True,Yemen,191,"{'self': {'title': 'Country', 'href': 'country/191'}}"
ZM,True,Zambia,192,"{'self': {'title': 'Country', 'href': 'country/192'}}"
ZW,True,Zimbabwe,193,"{'self': {'title': 'Country', 'href': 'country/193'}}"
GX,True,Abkhazia,194,"{'self': {'title': 'Country', 'href': 'country/194'}}"
TW,True,Taiwan,195,"{'self': {'title': 'Country', 'href': 'country/195'}}"
CX,True,Christmas Island,196,"{'self': {'title': 'Country', 'href': 'country/196'}}"
CC,True,Cocos (Keeling) Islands,197,"{'self': {'title': 'Country', 'href': 'country/197'}}"
HM,True,Heard Island and McDonald Islands,198,"{'self': {'title': 'Country', 'href': 'country/198'}}"
NF,True,Norfolk Island,199,"{'self': {'title': 'Country', 'href': 'country/199'}}"
NC,True,New Caledonia,200,"{'self': {'title': 'Country', 'href': 'country/200'}}"
PF,True,French Polynesia,201,"{'self': {'title': 'Country', 'href': 'country/201'}}"
YT,True,Mayotte,202,"{'self': {'title': 'Country', 'href': 'country/202'}}"
PM,True,Saint Pierre and Miquelon,203,"{'self': {'title': 'Country', 'href': 'country/203'}}"
WF,True,Wallis and Futuna,204,"{'self': {'title': 'Country', 'href': 'country/204'}}"
TF,True,French Southern and Antarctic Lands,205,"{'self': {'title': 'Country', 'href': 'country/205'}}"
BV,True,Bouvet Island,206,"{'self': {'title': 'Country', 'href': 'country/206'}}"
CK,True,Cook Islands,207,"{'self': {'title': 'Country', 'href': 'country/207'}}"
NU,True,Niue,208,"{'self': {'title': 'Country', 'href': 'country/208'}}"
TK,True,Tokelau,209,"{'self': {'title': 'Country', 'href': 'country/209'}}"
GG,True,Guernsey,210,"{'self': {'title': 'Country', 'href': 'country/210'}}"
IM,True,Isle of Man,211,"{'self': {'title': 'Country', 'href': 'country/211'}}"
JE,True,Jersey,212,"{'self': {'title': 'Country', 'href': 'country/212'}}"
AI,True,Anguilla,213,"{'self': {'title': 'Country', 'href': 'country/213'}}"
BM,True,Bermuda,214,"{'self': {'title': 'Country', 'href': 'country/214'}}"
IO,True,British Indian Ocean Territory,215,"{'self': {'title': 'Country', 'href': 'country/215'}}"
VG,True,British Virgin Islands,216,"{'self': {'title': 'Country', 'href': 'country/216'}}"
KY,True,Cayman Islands,217,"{'self': {'title': 'Country', 'href': 'country/217'}}"
FK,True,Falkland Islands (Islas Malvinas),218,"{'self': {'title': 'Country', 'href': 'country/218'}}"
GI,True,Gibraltar,219,"{'self': {'title': 'Country', 'href': 'country/219'}}"
MS,True,Montserrat,220,"{'self': {'title': 'Country', 'href': 'country/220'}}"
PN,True,Pitcairn Islands,221,"{'self': {'title': 'Country', 'href': 'country/221'}}"
SH,True,Saint Helena,222,"{'self': {'title': 'Country', 'href': 'country/222'}}"
GS,True,South Georgia & South Sandwich Islands,223,"{'self': {'title': 'Country', 'href': 'country/223'}}"
TC,True,Turks and Caicos Islands,224,"{'self': {'title': 'Country', 'href': 'country/224'}}"
PR,True,Puerto Rico,225,"{'self': {'title': 'Country', 'href': 'country/225'}}"
AS,True,American Samoa,226,"{'self': {'title': 'Country', 'href': 'country/226'}}"
GU,True,Guam,227,"{'self': {'title': 'Country', 'href': 'country/227'}}"
VI,True,U.S. Virgin Islands,228,"{'self': {'title': 'Country', 'href': 'country/228'}}"
HK,True,Hong Kong,229,"{'self': {'title': 'Country', 'href': 'country/229'}}"
MO,True,Macau,230,"{'self': {'title': 'Country', 'href': 'country/230'}}"
FO,True,Faroe Islands,231,"{'self': {'title': 'Country', 'href': 'country/231'}}"
GL,True,Greenland,232,"{'self': {'title': 'Country', 'href': 'country/232'}}"
GF,True,French Guiana,233,"{'self': {'title': 'Country', 'href': 'country/233'}}"
GP,True,Guadeloupe,234,"{'self': {'title': 'Country', 'href': 'country/234'}}"
MQ,True,Martinique,235,"{'self': {'title': 'Country', 'href': 'country/235'}}"
RE,True,Reunion,236,"{'self': {'title': 'Country', 'href': 'country/236'}}"
AX,True,Aland,237,"{'self': {'title': 'Country', 'href': 'country/237'}}"
AW,True,Aruba,238,"{'self': {'title': 'Country', 'href': 'country/238'}}"
AN,True,Netherlands Antilles,239,"{'self': {'title': 'Country', 'href': 'country/239'}}"
SJ,True,Svalbard,240,"{'self': {'title': 'Country', 'href': 'country/240'}}"
AC,True,Ascension,241,"{'self': {'title': 'Country', 'href': 'country/241'}}"
TA,True,Tristan da Cunha,242,"{'self': {'title': 'Country', 'href': 'country/242'}}"
XK,True,Kosovo,243,"{'self': {'title': 'Country', 'href': 'country/243'}}"
SS,True,South Sudan,244,"{'self': {'title': 'Country', 'href': 'country/244'}}"
PS,True,West Bank and Gaza,245,"{'self': {'title': 'Country', 'href': 'country/245'}}"
,True,Palestine,246,"{'self': {'title': 'Country', 'href': 'country/246'}}"
